"Url","X_Vercel_Cache"
"https://espo-shofy-final-project.vercel.app/","X-Vercel-Cache: HIT"
"https://espo-shofy-final-project.vercel.app/fabric","X-Vercel-Cache: HIT"
"https://espo-shofy-final-project.vercel.app/fabric/nokia-602-plain-100cotton-125gsm-mercerized-butter-yellow","X-Vercel-Cache: MISS"
"https://espo-shofy-final-project.vercel.app/fabric/nokia601-plain-poplin-100cotton-125gsm-mercerized-red","X-Vercel-Cache: MISS"
"https://espo-shofy-final-project.vercel.app/fabric/nokia605-poplin-100cotton-125gsm-mercerized-hot-pink","X-Vercel-Cache: MISS"
"https://espo-shofy-final-project.vercel.app/fabric/nokia-667-plain-poplin-cotton-125gsm-mercerized-silicon-sky-blue","X-Vercel-Cache: MISS"
"https://espo-shofy-final-project.vercel.app/fabric/nokia-693-plain-100cotton-125gsm-multi-finish-turquoise","X-Vercel-Cache: MISS"
"https://espo-shofy-final-project.vercel.app/fabric/nokia603-plain-100cotton-125gsm-mercerized-silicon-lemon-yellow-shirts","X-Vercel-Cache: MISS"
"https://espo-shofy-final-project.vercel.app/fabric/nokia-peach-poplin-100cotton-125gsm-mercerized-peach","X-Vercel-Cache: MISS"
"https://espo-shofy-final-project.vercel.app/fabric/nokia666-plain-poplin-100cotton-125gsm-mercerized-pink","X-Vercel-Cache: MISS"
"https://espo-shofy-final-project.vercel.app/fabric/nokia-615-plain-poplin-100cotton-125gsm-multi-finish","X-Vercel-Cache: MISS"
"https://espo-shofy-final-project.vercel.app/fabric/nokia-683-plain-poplin-100c-125gsm-mercerized-silicon","X-Vercel-Cache: MISS"
"https://espo-shofy-final-project.vercel.app/fabric/nokia-655-plain-poplin-cotton-125gsm-mercerized-silicon-dark-coral-shirts","X-Vercel-Cache: MISS"
"https://espo-shofy-final-project.vercel.app/fabric/nokia-629-plain-poplin-100cotton-125gsm-mustard-casual-shirts","X-Vercel-Cache: MISS"
"https://espo-shofy-final-project.vercel.app/fabric/nokia-606-plain-poplin-100cotton-125gsm-mercerized-emerald-green","X-Vercel-Cache: MISS"
"https://espo-shofy-final-project.vercel.app/fabric/nokia-638-plain-poplin-100cotton-125gsm-mercerized-silicon","X-Vercel-Cache: MISS"
"https://espo-shofy-final-project.vercel.app/fabric/nokia-697-plain-poplin-100cotton-125gsm-mercerized-silicon","X-Vercel-Cache: MISS"
"https://espo-shofy-final-project.vercel.app/fabric/nokia-631-plain-poplin-100cotton-125gsm-mercerized-silicon-dark-khaki","X-Vercel-Cache: MISS"
"https://espo-shofy-final-project.vercel.app/fabric/nokia-lilac-plain-100cotton-125gsm-multi-finish","X-Vercel-Cache: MISS"
"https://espo-shofy-final-project.vercel.app/fabric/nokia-690-plain-100cotton-125gsm-mercerized-mint-shirts","X-Vercel-Cache: MISS"
"https://espo-shofy-final-project.vercel.app/fabric/nokia-grey-plain-poplin-100cotton-125gsm-multi-finish","X-Vercel-Cache: MISS"
"https://espo-shofy-final-project.vercel.app/fabric/nokia-slate-blue-plain-poplin-100cotton-125gsm-merc-silicon","X-Vercel-Cache: MISS"
"https://espo-shofy-final-project.vercel.app/fabric/nokia-633-plain-poplin-cotton-125gsm-mercerized-silicon-deep-olive-shirts","X-Vercel-Cache: MISS"
"https://espo-shofy-final-project.vercel.app/fabric/nokia-teal-plain-poplin-cotton-125gsm-mercerized-silicon","X-Vercel-Cache: MISS"
"https://espo-shofy-final-project.vercel.app/fabric/nokia-mustard-plain-100cotton-125gsm-mercerized-silicon","X-Vercel-Cache: MISS"
"https://espo-shofy-final-project.vercel.app/fabric/nokia-camel-plain-100cotton-125gsm-mercerized-camel","X-Vercel-Cache: MISS"
"https://espo-shofy-final-project.vercel.app/fabric/nokia-612-plain-poplin-100cotton-125gsm-mercerized-caramel","X-Vercel-Cache: MISS"
"https://espo-shofy-final-project.vercel.app/fabric/nokia-696-plain-poplin-100cotton-125gsm-deep-pink-shirts","X-Vercel-Cache: MISS"
"https://espo-shofy-final-project.vercel.app/fabric/nokia-662-plain-poplin-cotton-125gsm-mercerized-silicon-bright-orange-shirt","X-Vercel-Cache: MISS"
"https://espo-shofy-final-project.vercel.app/fabric/nokia-676-plain-poplin-100cotton-125gsm-mercerized-silicon","X-Vercel-Cache: MISS"
"https://espo-shofy-final-project.vercel.app/fabric/nokia-coral-plain-poplin-100cotton-125gsm-mercerized-coral","X-Vercel-Cache: MISS"
"https://espo-shofy-final-project.vercel.app/fabric/nokia-rust-plain-poplin-100cotton-125gsm-mercerized-silicon","X-Vercel-Cache: MISS"
"https://espo-shofy-final-project.vercel.app/fabric/nokia698-plain-poplin-100cotton-125gsm-mercerized-periwinkle-grey-shirts","X-Vercel-Cache: MISS"
"https://espo-shofy-final-project.vercel.app/fabric/nokia-689-plain-poplin-100cotton-125gsm-mercerized-silicon","X-Vercel-Cache: MISS"
"https://espo-shofy-final-project.vercel.app/fabric/nokia-684-plain-poplin-cotton-125gsm-mercerized-silicon","X-Vercel-Cache: MISS"
"https://espo-shofy-final-project.vercel.app/fabric/nokia-660-plain-poplin-100-cotton-125gsm-mercerized-silicon","X-Vercel-Cache: MISS"
"https://espo-shofy-final-project.vercel.app/fabric/nokia-plain-100cotton-125gsm-mercerized-silicon-peacock-blue","X-Vercel-Cache: MISS"
"https://espo-shofy-final-project.vercel.app/fabric/nokia-627-plain-poplin-100cotton-125gsm-olive-green","X-Vercel-Cache: MISS"
"https://espo-shofy-final-project.vercel.app/fabric/nokia-deep-olive-plain-poplin-cotton-125gsm-mercerized-silicon","X-Vercel-Cache: MISS"
"https://espo-shofy-final-project.vercel.app/fabric/nokia-olive-plain-poplin-100cotton-125gsm-mercerized-silicon-brushed","X-Vercel-Cache: MISS"
"https://espo-shofy-final-project.vercel.app/fabric/nokia-695-plain-poplin-cotton-125gsm-mercerized-silicon","X-Vercel-Cache: MISS"
"https://espo-shofy-final-project.vercel.app/fabric/nokia-611-plain-poplin-100cotton-125gsm-mercerized-maroon","X-Vercel-Cache: MISS"
"https://espo-shofy-final-project.vercel.app/fabric/nokia-686-plain-cotton-125gsm-mercerized-silicon-coffee-brown","X-Vercel-Cache: MISS"
"https://espo-shofy-final-project.vercel.app/fabric/nokia-672-b-plain-poplin-100cotton-125gsm-mercerized-silicon-dark-purple-mens-casual-shirts","X-Vercel-Cache: MISS"
"https://espo-shofy-final-project.vercel.app/fabric/nokia-672-a-plain-poplin-100cotton-125gsm-mercerized-purple","X-Vercel-Cache: MISS"
"https://espo-shofy-final-project.vercel.app/fabric/nokia-687-plain-100cotton-125gsm-mercerized-bottle-green-casual-shirts","X-Vercel-Cache: MISS"
"https://espo-shofy-final-project.vercel.app/fabric/nokia-688-plain-poplin-100cotton-125gsm-mercerized-silicon","X-Vercel-Cache: MISS"
"https://espo-shofy-final-project.vercel.app/fabric/nokia-678-plain-poplin-100cotton-125gsm-mercerized-navy-shirt","X-Vercel-Cache: MISS"
"https://espo-shofy-final-project.vercel.app/fabric/nokia-608-plain-poplin-cotton-125gsm-mercerized-black","X-Vercel-Cache: MISS"
"https://espo-shofy-final-project.vercel.app/fabric/nokia-607-poplin-100c-125gsm-mercerized-white-shirts","X-Vercel-Cache: MISS"
"https://espo-shofy-final-project.vercel.app/capabilities","X-Vercel-Cache: HIT"
"https://espo-shofy-final-project.vercel.app/blog","X-Vercel-Cache: HIT"
"https://espo-shofy-final-project.vercel.app/contact","X-Vercel-Cache: HIT"
"https://espo-shofy-final-project.vercel.app/blog-details/is-modern-fabric-technology-making-clothing-better-or-making-consumers-careless-about-quality","X-Vercel-Cache: MISS"
"https://espo-shofy-final-project.vercel.app/blog-details/denim-manufacturers-in-west-bengal-for-garment-bran","X-Vercel-Cache: MISS"
"https://espo-shofy-final-project.vercel.app/blog-details/textile-industry-in-west-bengal-global-market","X-Vercel-Cache: MISS"
"https://espo-shofy-final-project.vercel.app/blog-details/why-quality-mattered-in-the-textile-industry","X-Vercel-Cache: MISS"
"https://espo-shofy-final-project.vercel.app/blog-details/a-complete-guide-to-fabric-types-choosing-the-right-mater","X-Vercel-Cache: MISS"
"https://espo-shofy-final-project.vercel.app/blog-details/how-to-choose-the-right-textile-supplier-for-your-business","X-Vercel-Cache: MISS"
"https://espo-shofy-final-project.vercel.app/about","X-Vercel-Cache: HIT"
